antecedents,consequents,antecedent support,consequent support,support,confidence,lift,representativity,leverage,conviction,zhangs_metric,jaccard,certainty,kulczynski
"frozenset({'Dizziness', 'Vomiting'})",frozenset({'Cold'}),0.18,0.4,0.11,0.6111111111111112,1.527777777777778,1.0,0.038000000000000006,1.542857142857143,0.42128603104212864,0.2340425531914893,0.3518518518518519,0.44305555555555554
"frozenset({'Dizziness', 'Cold'})",frozenset({'Vomiting'}),0.17,0.42,0.11,0.6470588235294117,1.5406162464985993,1.0,0.038599999999999995,1.643333333333333,0.42278203723986857,0.22916666666666669,0.3914807302231236,0.4544817927170868
"frozenset({'Vomiting', 'Cold'})",frozenset({'Dizziness'}),0.17,0.34,0.11,0.6470588235294117,1.9031141868512107,1.0,0.05219999999999999,1.8699999999999994,0.5717415115005475,0.27499999999999997,0.46524064171122986,0.48529411764705876
